999_quantile,99_quantile,dataset,max_abs_error,mean_abs_error
0.037033333375123906,0.016311931243680283,GRQC_Collab,0.04600606673407481,0.0009352629108967771
0.005979334106333807,0.003168102671999401,EU_Email,0.006000074334693684,0.0004429862165435512
0.030989053797641792,0.005891290375823128,Facebook,0.14048836973837206,0.0006188325205091524
0.002114378526561187,0.0013017034098367951,Gnutella_P2P,0.004545004496932554,0.00031537255843612565
