err,graph_type,mean,method_name,n
0.05684596731462298,erdos_renyi,3.513637180000001,nx,500
0.25419047737371225,erdos_renyi,16.192932559999964,nx,1000
0.7043222843998326,erdos_renyi,44.56411131999998,nx,1500
1.7336894935993443,erdos_renyi,92.1944191600001,nx,2000
2.1654143302479816,erdos_renyi,154.84306815999997,nx,2500
2.682355916581868,erdos_renyi,248.36675853999995,nx,3000
