err,graph_type,mean,method_name,n
0.4352224435690459,erdos_renyi,7.309022559999994,newman,500
1.757470463036956,erdos_renyi,142.08979909999996,newman,1000
