err,graph_type,mean,method_name,n
0.03105379546482251,holme_kim,3.541020159999607,nx,500
0.24001953524492062,holme_kim,16.658207100000435,nx,1000
0.2418294167849071,holme_kim,45.33899892000009,nx,1500
0.5210886873211611,holme_kim,94.52561123999985,nx,2000
0.5424764017762518,holme_kim,159.2872880200004,nx,2500
1.4638178685124277,holme_kim,256.90937836000046,nx,3000
