err,graph_type,mean,method_name,n
0.02142903236179189,holme_kim,6.4711599199992635,newman,500
0.09618896134490575,holme_kim,141.46467826000008,newman,1000
