err,graph_type,mean,method_name,n
0.018003479277627014,watts_strogatz,3.3122439800001304,nx,500
0.23124977266307273,watts_strogatz,13.952632760000233,nx,1000
0.16724328106688957,watts_strogatz,37.61467251999984,nx,1500
0.9760282358875575,watts_strogatz,76.87724908,nx,2000
0.9596184856063287,watts_strogatz,127.68154501999997,nx,2500
1.3794763824782807,watts_strogatz,206.3837013800001,nx,3000
7.383754399999815,watts_strogatz,294.52829400000064,nx,3500
