err,graph_type,mean,method_name,n
0.019733522445451585,watts_strogatz,6.533794979999766,newman,500
0.10090842429126148,watts_strogatz,142.46884013999988,newman,1000
